model,anomaly_rate,precision,recall,f1,roc_auc
Isolation Forest,0.01,0.062,0.05973025048169557,0.06084396467124632,0.5991153393807684
Isolation Forest,0.05,0.0308,0.14836223506743737,0.051010268300761843,0.5991153393807684
Isolation Forest,0.1,0.0209,0.20134874759152216,0.03786917919913028,0.5991153393807684
