model,anomaly_rate,threshold,precision,recall,f1,roc_auc
Isolation Forest,0.005,0.22728219202788794,0.002,0.0009633911368015414,0.0013003901170351106,0.4008846606192315
Isolation Forest,0.01,0.22593080361899354,0.005,0.004816955684007707,0.004906771344455349,0.4008846606192315
Isolation Forest,0.02,0.22429821822213392,0.006,0.011560693641618497,0.007899934167215274,0.4008846606192315
